{"R": 116.80636179194953, "G": 89.6112302766776, "B": 80.12186871734151}