{"R": 117.65174767703363, "G": 90.25640571413878, "B": 80.62278985570067}